{
	"original":
	{
		"name":"Pivot",
		"pathToOriginal":"mixture/public/css/less/",
		"originalFileName":"theme",
		"colours":["#E74C3C","#2C3E50","#3498DB"]
	},
	"schemes":
	[
		{
			"name":"Matte",
			"colours":["#424651","#6F6F75","#8D8886"]
		},
		{
			"name":"Aquatica",
			"colours":["#01A2A6","#2F2933","#29D9C2"]
		},
		{
			"name":"Mustang",
			"colours":["#FF9800","#263248","#7E8AA2"]
		},
		{
			"name":"Aspirin",
			"colours":["#1695A3","#225378","#EB7F00"]
		},
		{
			"name":"Buddha",
			"colours":["#8FB359","#192B33","#CCCC52"]
		},
		{
			"name":"Tronic",
			"colours":["#FEB41C","#4B5F6D","#5E7C88"]
		},
		{
			"name":"Eco",
			"colours":["#45BF55","#168039","#96ED89"]
		},
		{
			"name":"RockLobster",
			"colours":["#FC4349","#2C3E50","#6DBCDB"]
		},
		{
			"name":"Dusk",
			"colours":["#C0CA55","#6C9380","#56626B"]
		},
		{
			"name":"Campfire",
			"colours":["#E27A3F","#DF5A49","#EFC94C"]
		},
		{
			"name":"Cobalt",
			"colours":["#495E67","#282E33","#164852"]
		},
		{
			"name":"Blues",
			"colours":["#136480","#0B3C4D","#1A8BB3"]
		},
		{
			"name":"Sunset",
			"colours":["#820233","#530031","#CA293E"]
		},
		{
			"name":"Zest",
			"colours":["#00BD72","#0B4239","#B4E85E"]
		}
	]
}